,Unnamed: 0,SMILES,CAS,Name,Exposure (ng/day),Min Exposure (ng/day),Max Exposure (ng/day),ACE2,Pred_label
0,6,O=C1C=Cc2cc(S(=O)(=O)[O-])ccc2/C1=N\Nc1ccc(S(=O)(=O)[O-])cc1,12707-27-6,FD&C Yellow 6,0.0,0.0,0.0,0,0.7058437
1,7,c1ccc2c(c1)ccc1c3ccccc3[nH]c21,239-01-0,11H-benzo[a]carbazole,6.88e-05,2.31e-05,0.000131,0,0.9608756
2,8,c1ccc2c(c1)[nH]c1ccccc12,86-74-8,9H-carbazole,0.000199,6.67e-05,0.000378,0,0.95210665
3,9,c1ccc2[nH]nnc2c1,95-14-7,1H-Benzotriazole,0.000172,5.76e-05,0.000326,0,0.88192314
4,11,O=[N+]([O-])c1cccc([N+](=O)[O-])c1,99-65-0,"1,3-Dinitrobenzene",0.000134,4.49e-05,0.000254,0,0.8998959
5,12,O=P([O-])(Oc1ccccc1)Oc1ccccc1,838-85-7,Diphenyl phosphate,0.00758,0.00254,0.0144,0,0.96387434
6,13,[O-]CCCCCc1ccc2c(c1)OCO2,51-03-6,Piperonyl butoxide,0.00681,0.00229,0.0129,0,0.9539382
7,23,C=C(Br)COc1c(Br)cc(Br)cc1Br,99717-56-3,"2-Bromoallyl 2,4,6-tribromophenyl ether",1.1e-05,3.7e-06,2.1e-05,0,0.9107731
8,24,BrC1(Br)CCCCCCCCCC(Br)(Br)C1(Br)Br,3194-55-6,Hexabromocyclododecane,0.00201,0.000673,0.00381,0,0.699938
9,25,BrC1=C(Br)C(Br)C(Br)(C(Br)(c2ccccc2)C(Br)(Br)Br)C(Br)=C1Br,84852-53-9,Decabromodiphenyl ethane,0.00363,0.00122,0.00689,0,0.8770845
10,26,Brc1c(Br)c(Br)c(Br)c(Br)c1Br,87-82-1,Hexabromobenzene,0.000145,4.85e-05,0.000274,0,0.7924351
11,27,Brc1c(Br)c(Br)c(Oc2c(Br)c(Br)c(Br)c(Br)c2Br)c(Br)c1Br,1163-19-5,BDE 209,0.0194,0.00652,0.0369,0,0.69374377
12,28,Brc1cc(Br)c(Oc2nc(Oc3c(Br)cc(Br)cc3Br)nc(Oc3c(Br)cc(Br)cc3Br)n2)c(Br)c1,25713-60-4,"2,4,6-Tris(2,4,6-tribromophenoxy)-1,3,5-triazine",0.00224,0.000751,0.00425,0,0.9270145
13,29,C=CCOc1c(Br)cc(Br)cc1Br,3278-89-5,"Allyl 2,4,6-tribromophenyl ether",1.54e-05,5.18e-06,2.93e-05,0,0.9100478
14,30,Brc1cc(Br)c(OCCOc2c(Br)cc(Br)cc2Br)c(Br)c1,37853-59-1,"1,2-Bis(2,4,6-tribromophenoxy)ethane",0.000133,4.45e-05,0.000252,0,0.9096711
15,31,Brc1cc(Br)c2[nH]c3c(Br)cc(Br)cc3c2c1,55119-09-0,"1,3,6,8-Tetrabromo-9H-carbazole",2.17e-06,7.29e-07,4.13e-06,0,0.8784028
16,32,Brc1cc2c(oc3c(Br)c(Br)c(Br)c(Br)c32)c(Br)c1Br,107555-95-3,"1,2,3,4,6,7,8-HpBDF",4.26e-05,1.43e-05,8.08e-05,0,0.6176957
17,33,Brc1ccc(Oc2ccc(Br)c(Br)c2Br)c(Br)c1,182346-21-0,BDE 85,0.00147,0.000494,0.00279,0,0.94296414
18,34,Brc1ccc2[nH]c3c(Br)cc(Br)cc3c2c1,55119-10-3,"1,3,6-Tribromo-9H-carbazole",0.000131,4.39e-05,0.000249,0,0.8796485
19,35,Brc1ccc2[nH]c3ccc(Br)cc3c2c1,6825-20-3,"3,6-Dibromo-9H-carbazole",3.85e-06,1.29e-06,7.31e-06,0,0.81184787
20,36,Brc1ccc2[nH]c3ccccc3c2c1,1592-95-6,3-Bromo-9H-carbazole,2.82e-07,9.46e-08,5.36e-07,0,0.9306124
21,37,Brc1ccc2c(c1)[nH]c1cc(Br)ccc12,136630-39-2,"2,7-Dibromo-9H-carbazole",2.84e-05,9.53e-06,5.39e-05,0,0.8422138
22,38,Brc1ccc2c(c1)[nH]c1ccccc12,3652-90-2,2-Bromo-9H-carbazole,1.5e-06,5.05e-07,2.86e-06,0,0.92424965
23,39,BrCC(Br)C1CCC(Br)C(Br)C1,3322-93-8,"1,2-Dibromo-4-(1,2-dibromoethyl)cyclohexane ",2.82e-05,9.48e-06,5.36e-05,0,0.8093359
24,40,C[Si](C)(C)O[Si](C)(C)O[Si](C)(C)O[Si](C)(C)C,141-62-8,Decamethyltetrasiloxane,0.0609,0.0204,0.116,0,0.928916
25,41,C[Si](C)(C)O[Si](C)(C)O[Si](C)(C)O[Si](C)(C)O[Si](C)(C)C,141-63-9,Dodecamethylpentasiloxane,0.15,0.0505,0.286,0,0.9288989
26,42,C[Si](C)(C)O[Si](C)(C)O[Si](C)(C)O[Si](C)(C)O[Si](C)(C)O[Si](C)(C)C,107-52-8,Tetradecamethylhexasiloxane,0.279,0.0937,0.531,0,0.92875314
27,43,C[Si](C)(C)O[Si](C)(C)O[Si](C)(C)O[Si](C)(C)O[Si](C)(C)O[Si](C)(C)O[Si](C)(C)O[Si](C)(C)O[Si](C)(C)C,2652-13-3,Icosamethylnonasiloxane,0.00108,0.000364,0.00206,0,0.92623454
28,44,C[Si](C)(C)O[Si](C)(C)O[Si](C)(C)O[Si](C)(C)O[Si](C)(C)O[Si](C)(C)O[Si](C)(C)O[Si](C)(C)O[Si](C)(C)O[Si](C)(C)C,556-70-7,Docosamethyldecasiloxane,0.0023,0.000771,0.00436,0,0.9284238
29,45,C[Si](C)(C)O[Si](C)(C)O[Si](C)(C)O[Si](C)(C)O[Si](C)(C)O[Si](C)(C)O[Si](C)(C)O[Si](C)(C)O[Si](C)(C)O[Si](C)(C)O[Si](C)(C)C,107-53-9,Tetracosamethylhendecasiloxane,0.00287,0.000963,0.00545,0,0.9284684
30,46,C[Si]1(C)O[Si](C)(C)O[Si](C)(C)O[Si](C)(C)O[Si](C)(C)O[Si](C)(C)O1,540-97-6,Dodecamethylcyclohexasiloxane,0.00106,0.000357,0.00202,0,0.86809546
31,47,C[Si]1(C)O[Si](C)(C)O[Si](C)(C)O[Si](C)(C)O[Si](C)(C)O1,541-02-6,Decamethylcyclopentasiloxane,0.00361,0.00121,0.00685,0,0.86981195
32,48,C[Si]1(C)O[Si](C)(C)O[Si](C)(C)O[Si](C)(C)O1,556-67-2,Octamethylcyclotetrasiloxane,0.000421,0.000141,0.0008,0,0.87216973
33,49,C[Si]1(C)O[Si](C)(C)O[Si](C)(C)O1,541-05-9,Hexamethylcyclotrisiloxane,0.000196,6.57e-05,0.000372,0,0.87510514
34,50,c1ccc2c(c1)Cc1cc3ccccc3cc1-2,243-17-4,"2,3-Benzofluorene",0.00182,0.000611,0.00346,0,0.9272028
35,51,c1ccc2c(c1)Cc1ccccc1-2,86-73-7,Fluorene,0.00282,0.000947,0.00536,0,0.88871956
36,52,c1cc2ccc3ccc4ccc5ccc6ccc1c1c2c3c4c5c61,191-07-1,Coronene,0.00177,0.000595,0.00337,0,0.893178
37,53,c1cc2ccc3cccc4ccc(c1)c2c34,129-00-0,Pyrene,0.0118,0.00394,0.0223,0,0.86594623
38,54,C1=Cc2cccc3cccc1c23,208-96-8,Acenaphthylene,0.00133,0.000447,0.00253,0,0.9009037
39,55,c1cc2c3c(cccc3c1)CC2,83-32-9,Acenaphthene,0.00669,0.00224,0.0127,0,0.9473151
40,56,c1ccc([Sn](c2ccccc2)c2ccccc2)cc1,892-20-6,Triphenyltin,0.00015,5.05e-05,0.000286,0,0.9055076
41,57,c1ccc(-c2ccc3ccccc3c2)cc1,612-94-2,2-Phenylnaphthalene,0.00115,0.000387,0.00219,0,0.81461406
42,58,c1ccc2c(c1)-c1ccc3ccc4cccc5cc-2c1c3c45,99520-61-3,"Indeno(1,2,3-cd)pyrene",0.0068,0.00228,0.0129,0,0.92566943
43,59,c1ccc2c(c1)c1cccc3ccc4cccc2c4c31,192-97-2,Benzo(e)pyrene,0.00422,0.00141,0.00801,0,0.8829004
44,60,c1ccc2c(c1)-c1cccc3cccc-2c13,206-44-0,Fluoranthene,0.0162,0.00543,0.0308,0,0.882011
45,61,c1ccc2c(c1)-c1cccc3c1c-2cc1ccccc13,205-99-2,Benzo(b)fluoranthene,0.0156,0.00523,0.0296,0,0.9131366
46,62,c1ccc2c3c(ccc2c1)-c1cccc2cccc-3c12,205-82-3,Benzo(j)fluoranthene,0.00844,0.00283,0.016,0,0.90052867
47,63,c1ccc2c(c1)ccc1c3ccccc3ccc21,218-01-9,Chrysene,0.0113,0.00378,0.0214,0,0.8704472
48,64,c1ccc2c(c1)ccc1cc3c(ccc4ccccc43)cc12,53-70-3,"Dibenz[a,h]anthracene",0.00304,0.00102,0.00577,0,0.85972327
49,65,c1ccc2c(c1)ccc1ccc3ccccc3c12,195-19-7,Benzo(c)phenanthrene,0.000652,0.000219,0.00124,0,0.91909224
50,66,c1ccc2c(c1)ccc1ccccc12,85-01-8,Phenanthrene,0.0119,0.004,0.0226,0,0.82951146
51,67,c1ccc2cc3c(ccc4ccccc43)cc2c1,56-55-3,Benz(a)anthracene,0.000863,0.00029,0.00164,0,0.81966037
52,68,c1ccc2cc3ccccc3cc2c1,120-12-7,Anthracene,0.0014,0.000469,0.00266,0,0.7987355
53,69,CC(=O)c1c(C)c([N+](=O)[O-])c(C(C)(C)C)c([N+](=O)[O-])c1C,81-14-1,Musk ketone,0.00198,0.000666,0.00377,0,0.96084374
54,70,CC(=O)c1cc(C(C)(C)C)cc2c1CCC2(C)C,13171-00-1,Celestolide,0.000483,0.000162,0.000917,0,0.8641738
55,71,CC(C)(NC(=O)C(Br)C(C)(C)C)c1ccccc1,74712-19-9,Bromobutide,0.000652,0.000219,0.00124,0,0.89029604
56,72,CC(C)(C)C1=CC(=O)C=C(C(C)(C)C)C1=O,719-22-2,"2,6-Di-tert-butyl-4-benzoquinone",0.000385,0.000129,0.00073,0,0.8953965
57,73,CC(C)(C)c1ccc(OP(=O)(Oc2ccc(C(C)(C)C)cc2)Oc2ccc(C(C)(C)C)cc2)cc1,78-33-1,Tris(4-tert-butylphenyl) phosphate,0.000402,0.000135,0.000763,0,0.8254183
58,74,CC(C)(C)c1ccc(OP(=O)(Oc2ccccc2)Oc2ccc(C(C)(C)C)cc2)cc1,115-87-7,Bis(4-tert-butylphenyl) phenyl phosphate,0.00556,0.00187,0.0106,0,0.9295392
59,75,CC(C)(C)c1ccc(OP(=O)(Oc2ccccc2)Oc2ccccc2)cc1,56803-37-3,4-tert-butylphenyl diphenyl phosphate,0.00678,0.00227,0.0129,0,0.9535533
60,76,CC(C)(C)CC(C)(C)c1ccccc1O,3884-95-5,Tert-Octylphenol,0.000886,0.000297,0.00168,0,0.8943914
61,77,CC(C)(C1=CC(=C(C(=C1)Br)O)Br)C2=CC(=C(C(=C2)Br)O)B,79-94-7,Tetrabromobisphenol A,0.00154,0.000516,0.00292,0,0.9196503
62,78,CC(C)(c1ccc(O)cc1)c1ccc(C(C)(C)c2ccc(O)cc2)cc1,2167-51-3,Bisphenol P,1.19e-05,3.98e-06,2.25e-05,0,0.8659559
63,79,CC(C)(c1ccc(O)cc1)c1ccc(O)cc1,80-05-7,Bisphenol A,0.0248,0.00831,0.0471,0,0.83822674
64,80,CC(C)(c1ccc(O)cc1)c1ccc(O)cc1,1675-54-3,Bisphenol A diglycidyl ether,0.0119,0.004,0.0227,0,0.83822674
65,81,CC(C)[C@@H](C(=O)O[C@@H](C#N)c1cccc(Oc2ccccc2)c1)c1ccc(Cl)cc1,66230-04-4,Esfenvalerate,0.000471,0.000158,0.000894,0,0.820898
66,82,CC(=O)c1cc2c(cc1C)C(C)(C)[C@H](C)[C@H]2C(C)C,68140-48-7,Traseolide,0.00215,0.000721,0.00408,0,0.8906358
67,83,CC(C)[C@@H]1CC[C@@H](C)C[C@H]1O,2216-51-5,L-menthol,0.000401,0.000135,0.000762,0,0.81167835
68,84,C=CCC1=C(C)C(OC(=O)C2C(C=C(C)C)C2(C)C)CC1=O,584-79-2,Allethrin,0.00455,0.00153,0.00864,0,0.8164656
69,85,C#CCN1CC(=O)N(COC(=O)C2C(C=C(C)C)C2(C)C)C1=O,72963-72-5,Imiprothrin,0.005,0.00168,0.00949,0,0.9249365
70,86,Cc1ccccc1COC1CC2(C(C)C)CCC1(C)O2,87818-31-3,Cinmethylin,0.000201,6.73e-05,0.000381,0,0.8672519
71,87,Cc1ccc(C(C)C)cc1,99-87-6,4-Cymene,0.00015,5.05e-05,0.000286,0,0.9458187
72,88,CC(C)c1ccc(OP(=O)(Oc2ccccc2)Oc2ccc(C(C)C)cc2)cc1,55864-07-8,Bis(4-isopropylphenyl) phenyl phosphate,0.000505,0.000169,0.000959,0,0.9355917
73,89,CC(C)c1ccc(OP(=O)(Oc2ccccc2)Oc2ccc(C(C)C)cc2C(C)C)c(C(C)C)c1,2190501-29-0,"Bis(2,4-diisopropylphenyl) phenyl phosphate",0.000272,9.12e-05,0.000516,0,0.93609935
74,90,CC(C)c1ccc(OP(=O)(Oc2ccccc2)Oc2ccccc2)c(C(C)C)c1,,"2,4-Diisopropylphenyl diphenyl phosphate",0.00201,0.000675,0.00382,0,0.9219607
75,91,CC(C)c1ccc(OP(=O)(Oc2ccccc2)Oc2ccccc2)cc1,55864-04-5,4-Isopropylphenyl diphenyl phosphate,0.00376,0.00126,0.00714,0,0.9269781
76,92,CC(C)c1cccc(OP(=O)(Oc2ccccc2)Oc2cccc(C(C)C)c2)c1,69500-30-7,Bis(3-isopropylphenyl) phenyl phosphate,0.00148,0.000498,0.00282,0,0.93115133
77,93,CC(C)c1cccc(OP(=O)(Oc2ccccc2)Oc2ccccc2)c1,69515-46-4,3-Isopropylphenyl diphenyl phosphate,0.00054,0.000181,0.00102,0,0.9118659
78,94,CC(C)c1ccccc1OP(=O)(Oc1ccccc1)Oc1ccccc1,28108-99-8,2-isopropylphenyl diphenyl phosphate,0.00795,0.00267,0.0151,0,0.9004435
79,95,CC(C)c1ccccc1OP(=O)(Oc1ccccc1)Oc1ccccc1C(C)C,101299-37-0,Bis(2-isopropylphenyl) phenyl phosphate,0.00184,0.000618,0.0035,0,0.9318903
80,96,CC(C)CCCCCCCOC(=O)c1ccccc1C(=O)OCCCCCCCC(C)C,26761-40-0,Diisodecyl phthalate,0.562,0.188,1.07,0,0.95773375
81,97,CC(C)CCCCCCOC(=O)c1ccccc1C(=O)OCCCCCCC(C)C,68515-48-0,Diisononyl phthalate,6.39,2.14,12.1,0,0.9596841
82,98,CC(C)CCCCOC(=O)c1ccccc1C(=O)OCCCCC(C)C,71888-89-6,Diisoheptyl phthalate,0.316,0.106,0.6,0,0.9485117
83,99,CC(C)COP(=O)(OCC(C)C)OCC(C)C,126-71-6,Triisobutyl phosphate,0.000769,0.000258,0.00146,0,0.54059947
84,100,CC(C)COC(=O)c1ccccc1C(=O)OCC(C)C,84-69-5,Diisobutyl phthalate,0.789,0.265,1.5,0,0.8341214
85,101,CC(C)NC(=O)N1CC(=O)N(c2cc(Cl)cc(Cl)c2)C1=O,36734-19-7,Iprodione,0.00097,0.000325,0.00184,0,0.84105146
86,102,CC(c1ccccc1)(c1ccc(O)cc1)c1ccc(O)cc1,1571-75-1,Bisphenol AP,5.85e-06,1.96e-06,1.11e-05,0,0.9490779
87,103,CC(CCl)OP(=O)(OC(C)CCl)OC(C)CCl,13674-84-5,Tris(1-chloro-2-propyl) phosphate ,0.0727,0.0244,0.138,0,0.46660194
88,104,CC1(C)[C@@H](C=C(Br)Br)[C@H]1C(=O)O[C@H](C#N)c1cccc(Oc2ccccc2)c1,52918-63-5,Deltamethrin,0.000204,6.85e-05,0.000388,0,0.9313598
89,105,CC1(C)[C@@H](C=C(Cl)Cl)[C@H]1C(=O)OCc1cccc(Oc2ccccc2)c1,54774-45-7,Cis-permethrin,0.0315,0.0106,0.0598,0,0.9290723
90,106,CC1(C)[C@@H](C=C(Cl)Cl)[C@H]1C(=O)OCc1cccc(Oc2ccccc2)c1,52645-53-1,Permethrin,0.00335,0.00112,0.00636,0,0.9290723
91,107,CC1(C)[C@H](C=C(Cl)Cl)[C@H]1C(=O)OCc1cccc(Oc2ccccc2)c1,61949-77-7,Trans-permethrin,0.0327,0.011,0.062,0,0.9290723
92,108,CC1(C)C(C=C(Cl)Cl)C1C(=O)OC(C#N)c1cccc(Oc2ccccc2)c1,52315-07-8,Cypermethrin,0.0554,0.0186,0.105,0,0.76900357
93,109,C=C1C2CCC3C2C(C)(C)CCCC13C,475-20-7,Longifolene,0.00015,5.05e-05,0.000286,0,0.9240645
94,110,CC1(OC(=O)c2ccccc2C(=O)OC2(C)CCCCC2)CCCCC1,27987-25-3,Bis(methylcyclohexyl) phthalate,0.00886,0.00297,0.0168,0,0.9108705
95,111,Cc1c(Br)c(Br)c(Br)c(Br)c1Br,87-83-2,Pentabromotoluene,7.23e-06,2.42e-06,1.37e-05,0,0.7660256
96,112,Cc1c([N+](=O)[O-])c(C)c([N+](=O)[O-])c(C(C)(C)C)c1[N+](=O)[O-],81-15-2,Musk xylene,0.00074,0.000248,0.0014,0,0.95602024
97,113,CC(=O)c1cc2c(cc1C)C(C)(C)C(C)C2(C)C,15323-35-0,Phantolide,0.0031,0.00104,0.00588,0,0.8672139
98,114,Cc1c([N+](=O)[O-])cc2c(c1[N+](=O)[O-])C(C)(C)CC2(C)C,116-66-5,Musk moskene,0.00226,0.000757,0.00429,0,0.8518034
99,115,Cc1c(Cl)c(Br)c(Br)c(Br)c1Br,39569-21-6,Tetrabromo-o-chlorotoluene,3.51e-05,1.18e-05,6.67e-05,0,0.6996708
100,116,Cc1c(COC(=O)C2C(/C=C(\Cl)C(F)(F)F)C2(C)C)cccc1-c1ccccc1,82657-04-3,Bifenthrin,0.000401,0.000135,0.000762,0,0.5522991
101,117,Cc1cc(C(C)(C)C)c(O)c(C(C)(C)C)c1,128-37-0,"4-Methyl-2,6-di-t-butylphenol",0.000669,0.000224,0.00127,0,0.9340944
102,118,CC(=O)c1cc2c(cc1C)C(C)(C)C(C)CC2(C)C,1506-02-1,Tonalide,0.00768,0.00258,0.0146,0,0.72968644
103,119,Cc1cc(C)c(C)c(C)c1C,700-12-9,Pentamethylbenzene,7.14e-05,2.4e-05,0.000136,0,0.7438427
104,120,Cc1cc(C)c2ccccc2c1,575-41-7,"1,3-Dimethylnaphthalene",0.000301,0.000101,0.000571,0,0.80619586
105,121,Cc1cc(C2CC2)nc(Nc2ccccc2)n1,121552-61-2,Cyprodinil,0.0012,0.000404,0.00229,0,0.9308338
106,122,CC(=O)C1(C)CC2=C(CCCC2(C)C)CC1C,54464-57-2,Isocyclemone E,0.0,0.0,0.0,0,0.94782656
107,123,Cc1ccc(C)c2ccccc12,571-58-4,"1,4-Dimethylnaphthalene",0.000201,6.73e-05,0.000381,0,0.79431754
108,124,Cc1ccc(OP(=O)([O-])[O-])c(C)c1C,56444-79-2,Trimethylphenyl phosphate,0.00293,0.000985,0.00557,0,0.78512496
109,125,Cc1ccc(OP(=O)(Oc2ccc(C)cc2)Oc2ccc(C)cc2)cc1,78-32-0,Tricresyl  phosphate,0.0114,0.00381,0.0216,0,0.88408095
110,126,Cc1ccc2c(ccc3ccccc32)c1,2531-84-2,2-Methylphenanthrene,0.00562,0.00188,0.0107,0,0.78396654
111,127,Cc1ccc2cc(C)ccc2c1,28804-88-8,"2,6-Dimethylnaphthalene",0.000334,0.000112,0.000635,0,0.6758029
112,128,Cc1ccc2ccc3ccc(C)cc3c2c1,1576-67-6,"3,6-Dimethylphenanthrene",0.00164,0.00055,0.00311,0,0.74386847
113,129,Cc1ccc2ccccc2c1C,573-98-8,"1,2-Dimethylnaphthalene",0.000217,7.29e-05,0.000413,0,0.886071
114,130,Cc1cccc2c1ccc1ccccc12,832-69-9,1-Methylphenanthrene,0.00316,0.00106,0.006,0,0.82310414
115,131,Cc1cccc2cccc(C)c12,569-41-5,"1,8-Dimethylnaphthalene",0.000184,6.17e-05,0.000349,0,0.92457366
116,132,Cc1ccccc1-c1c[nH]nn1,29878-31-7,Tolyltriazole,0.000341,0.000115,0.000648,0,0.93508214
117,133,Cc1ccccc1OP(=O)(Oc1ccccc1C)Oc1ccccc1C,78-30-8,Tri-o-cresyl phosphate,0.141,0.0472,0.267,0,0.8421364
118,134,CC1COCc2cc3c(cc21)C(C)(C)C(C)C3(C)C,1222-05-5,Galaxolide,0.0071,0.00238,0.0135,0,0.8613036
119,135,CCC(C)(c1ccc(O)cc1)c1ccc(O)cc1,77-40-7,Bisphenol B,1.19e-05,3.98e-06,2.25e-05,0,0.85034895
120,136,CCC=CCC=CCC=CCC=CC/C=C\CCCC(=O)OC,2734-47-6,"Methyl cis-5,8,11,14,17-eicosapentaenoate",0.00015,5.05e-05,0.000286,0,0.9550178
121,137,CCc1cccc(C)c1N(C(=O)CCl)C(C)COC,51218-45-2,Metolachlor,8.36e-06,2.8e-06,1.59e-05,0,0.93617433
122,138,CCCC[Sn](Cl)(CCCC)CCCC,1461-22-9,Tributyltin chloride,3.01e-07,1.01e-07,5.71e-07,0,0.9019451
123,139,CCCC[Sn](Cl)(Cl)CCCC,683-18-1,Dibutyltin dichloride,0.138,0.0462,0.261,0,0.9122161
124,140,CCCC[Sn](Cl)(Cl)Cl,1118-46-3,Monobutyltin  trichloride,0.244,0.0819,0.464,0,0.69671845
125,141,CCCCC(CC)CO,104-76-7,2-Ethyl-1-hexanol,0.000368,0.000123,0.000698,0,0.85285896
126,142,CCCCC(CC)COP(=O)(OCC(CC)CCCC)OCC(CC)CCCC,78-42-2,Tris(2-ethylhexyl) phosphate,0.018,0.00603,0.0342,0,0.40495953
127,143,CCCCC(CC)COC(=O)c1c(Br)c(Br)c(Br)c(Br)c1C(=O)OCC(CC)CCCC,26040-51-7,Bis(2-ethylhexyl)-tetrabromophthalate,0.000678,0.000227,0.00129,0,0.89141935
128,144,CCCCC(CC)COC(=O)c1cc(Br)c(Br)c(Br)c1Br,183658-27-7,"2-Ethylhexyl-2,3,4,5-tetrabromobenzoate",0.0014,0.000468,0.00265,0,0.9320223
129,145,CCCCC(CC)COC(=O)c1ccccc1C(=O)OCC(CC)CCCC,117-81-7,Bis(2-ethylhexyl) phthalate,16.3,5.47,31.0,0,0.9555531
130,146,CCCCC(CC)COC(=O)c1ccccc1C(=O)OCc1ccccc1,18750-05-5,Benzyl 2-ethylhexyl phthalate,0.204,0.0683,0.387,0,0.88071835
131,147,CCCCC(CC)COC(=O)c1ccccc1C(=O)O,4376-20-9,MEHP,0.295,0.099,0.561,0,0.9802956
132,148,CCCCC(CC)COC(=O)COc1ccc(Cl)cc1Cl,25168-26-7,"2,4-D isooctyl ester",0.0139,0.00466,0.0264,0,0.9057405
133,149,CCCCCCc1ccc(O)cc1,2446-69-7,4-N-Hexylphenol,0.00281,0.000942,0.00533,0,0.9433345
134,150,CCCCCCCC[Sn](Cl)(Cl)CCCCCCCC,3542-36-7,Dioctyltin dichloride,0.0593,0.0199,0.113,0,0.95383066
135,151,CCCCCCCC[Sn](Cl)(Cl)Cl,3091-25-6,Monooctyltin trichloride,0.0507,0.017,0.0963,0,0.73856574
136,152,CCCCCCCC/C=C\CCCCCCCC(=O)O,112-80-1,Oleic acid,18.5,6.19,35.0,0,0.9415328
137,153,CCCCCCCCc1ccc(O)cc1,1806-26-4,4-N-Octylphenol,0.000318,0.000107,0.000603,0,0.9586346
138,154,CCCCCCCCCc1ccc(O)cc1,104-40-5,4-nonylphenol,0.0413,0.0138,0.0783,0,0.96265155
139,155,CCCCCCCCCc1ccccc1O,,Nonylphenol ethoxycarboxylate,0.152,0.0509,0.288,0,0.9452061
140,156,CCCCCCCCCc1ccccc1OCCO,1119449-37-4,Nonylphenol monoethoxylate,0.0605,0.0203,0.115,0,0.98118615
141,157,CCCCCCCCCCCC(=O)OC,111-82-0,Methyl dodecanoate,0.000451,0.000151,0.000857,0,0.9680517
142,158,CCCCCCCCCCCCCC(=O)OC,124-10-7,Methyl myristate,6.69e-05,2.24e-05,0.000127,0,0.9648578
143,159,CCCCCCCCCCCCCC(=O)O,544-63-8,Myristic acid,4.08,1.37,7.75,0,0.9459133
144,160,CCCCCCCCCCCCCCCC(=O)OC,112-39-0,Methyl palmitate,0.0001,3.37e-05,0.00019,0,0.96043277
145,161,CCCCCCCCCCCCCCCC(=O)O,57-10-3,Palmitic acid,22.1,7.41,41.9,0,0.9406344
146,162,CCCCCCCCCCCCCCCCCC(=O)O,57-11-4,Stearic acid,5.43,1.82,10.3,0,0.9383938
147,163,CCCCCCCCCCCOC(=O)c1ccccc1C(=O)OCCCCCCCCCCC,3648-20-2,Diundecyl phthalate,0.0652,0.0219,0.124,0,0.97568685
148,164,CCCCCCCOC(=O)c1ccc(O)cc1,1085-12-7,Heptylparaben,2.71e-05,9.1e-06,5.15e-05,0,0.9570102
149,165,CCCCCCOC(=O)c1ccccc1C(=O)OCCCCCC,84-75-3,Dihexyl phthalate,0.00306,0.00103,0.00582,0,0.9610059
150,166,CCCCOP(=O)(OCCCC)OCCCC,126-73-8,Tri-n-butyl phosphate,0.00868,0.00291,0.0165,0,0.47582588
151,167,CCCCOC(=O)c1ccc(O)cc1,94-26-8,Butyl Paraben,0.0019,0.000639,0.00362,0,0.93221414
152,168,CCCCOC(=O)c1ccccc1C(=O)OCc1ccccc1,85-68-7,Benzyl butyl phthalate,2.52,0.847,4.79,0,0.87890035
153,169,CCCCOC(=O)c1ccccc1C(=O)OCCCC,84-74-2,Dibutyl phthalate,2.5,0.837,4.74,0,0.95837224
154,170,CCCCOCCOP(=O)(OCCOCCCC)OCCOCCCC,78-51-3,Tri(2-butoxyethyl) phosphate,3.53,1.18,6.7,0,0.6710502
155,171,CCCOP(=O)(OCCC)OCCC,513-08-6,Tripropyl phosphate,1.67e-05,5.61e-06,3.17e-05,0,0.65292317
156,172,CCCOC(=O)c1ccc(O)cc1,94-13-3,Propyl Paraben,0.0126,0.00422,0.0239,0,0.84974736
157,173,CCOP(=O)(OCC)OCC,78-40-0,Triethyl Phosphate,0.00136,0.000457,0.00259,0,0.43383658
158,174,CCOP(=S)(OCC)Oc1cc(C)nc(C(C)C)n1,333-41-5,Diazinon,0.00136,0.000456,0.00258,0,0.7467554
159,175,CCOP(=S)(OCC)Oc1nc(Cl)c(Cl)cc1Cl,2921-88-2,Chlorpyrifos,0.0309,0.0104,0.0587,0,0.8166902
160,176,CCOC(=O)c1ccc(O)cc1,120-47-8,Ethyl Paraben,0.00308,0.00103,0.00584,0,0.9360894
161,177,CCOC(=O)c1ccccc1,70750-03-07,Ethyl benzoate,0.0,0.0,0.0,0,0.94401693
162,178,CCOC(=O)c1ccccc1C(=O)OCC,84-66-2,Diethyl phthalate,0.238,0.0799,0.452,0,0.9685706
163,179,CCOP(OCC)OCC,122-52-1,Triethyl phosphite,0.00223,0.000749,0.00424,0,0.68624276
164,180,Cl[Sn](c1ccccc1)(c1ccccc1)c1ccccc1,?639-58-7,Triphenyltin chloride,0.0,0.0,0.0,0,0.97400033
165,181,O=C1c2ccccc2C(=O)N1SC(Cl)(Cl)Cl,133-07-3,Folpet,0.00428,0.00144,0.00813,0,0.8888646
166,182,Clc1ccc(C(c2ccccc2Cl)C(Cl)Cl)cc1,53-19-0,"O,p'-DDD",1.51e-05,5.08e-06,2.87e-05,0,0.8857294
167,183,ClC1=C(Cl)C2(Cl)C3C4CC(C5OC45)C3C1(Cl)C2(Cl)Cl,60-57-1,Dieldrin,0.00028,9.41e-05,0.000533,0,0.7754884
168,184,Clc1c(Cl)c(Cl)c(-c2c(Cl)c(Cl)c(Cl)c(Cl)c2Cl)c(Cl)c1Cl,2051-24-3,PCB 209,1.97e-06,6.59e-07,3.73e-06,0,0.38439643
169,185,ClC1C(Cl)C(Cl)C(Cl)C(Cl)C1Cl,319-84-6,Hexachlorocyclohexanes,5.27e-05,1.77e-05,0.0001,0,0.7096746
170,186,Clc1c(Cl)c(Cl)c(Cl)c(Cl)c1Cl,118-74-1,Hexachlorobenzene,2e-05,6.71e-06,3.8e-05,0,0.39849958
171,187,ClC1C(Cl)C(Cl)C(Cl)C(Cl)C1Cl,319-85-7,Lindane,0.0,0.0,0.0,0,0.7096746
172,188,Clc1c(Cl)c(Cl)c2c(c1Cl)Oc1c(Cl)c(Cl)c(Cl)c(Cl)c1O2,3268-87-9,OCDD,4.7e-05,1.58e-05,8.93e-05,0,0.43213257
173,189,ClC1=C(Cl)C2(Cl)C3C(Cl)C(Cl)C(Cl)C3C1(Cl)C2(Cl)Cl,5103-73-1,Trans-nonachlor,6.33e-06,2.12e-06,1.2e-05,0,0.5085486
174,190,ClC1=C(Cl)C2(Cl)C3C(Cl)C=CC3C1(Cl)C2(Cl)Cl,76-44-8,Heptachlor,5.78e-05,1.94e-05,0.00011,0,0.5919954
175,191,ClC1=C(Cl)C2(Cl)C3C4OC4(Cl)C(Cl)C3C1(Cl)C2(Cl)Cl,27304-13-8,Oxychlordane,5.6e-06,1.88e-06,1.06e-05,0,0.7947475
176,192,Clc1cc(Br)c2[nH]c3c(Br)cc(Cl)cc3c2c1,100131-03-1,"1,8-Dibromo-3,6-dichloro-9H-carbazole",4.06e-06,1.36e-06,7.71e-06,0,0.81147826
177,193,Clc1cc(-c2cc(Cl)c(Cl)c(Cl)c2Cl)c(Cl)c(Cl)c1Cl,35694-08-7,PCB 194,9.64e-06,3.23e-06,1.83e-05,0,0.80222785
178,194,Clc1cc(-c2cc(Cl)c(Cl)c(Cl)c2)cc(Cl)c1Cl,32774-16-6,PCB 169,4.31e-08,1.44e-08,8.18e-08,0,0.86192816
179,195,Clc1cc(-c2cc(Cl)c(Cl)c(Cl)c2Cl)cc(Cl)c1Cl,39635-31-9,PCB 189,1.97e-07,6.59e-08,3.73e-07,0,0.83221984
180,196,Clc1cc(Cl)c(-c2cc(Cl)c(Cl)c(Cl)c2)cc1Cl,52663-72-6,PCB 167,2.65e-06,8.9e-07,5.04e-06,0,0.8634985
181,197,Clc1cc(Cl)c(-c2cc(Cl)c(Cl)c(Cl)c2Cl)cc1Cl,35065-29-3,PCB 180,0.000243,8.14e-05,0.000461,0,0.9120251
182,198,Clc1cc(Cl)c(-c2cc(Cl)c(Cl)cc2Cl)cc1Cl,35065-27-1,PCB 153,0.000283,9.5e-05,0.000538,0,0.84061396
183,199,Clc1cc(Cl)c(Cl)c(Cl)c1Cl,608-93-5,Pentachlorobenzene,3.09e-05,1.04e-05,5.86e-05,0,0.7478138
184,200,Clc1cc(Cl)c2[nH]c3c(Cl)cc(Cl)cc3c2c1,58910-96-6,"1,3,6,8-Tetrachloro-9H-carbazole",1.89e-05,6.35e-06,3.59e-05,0,0.76435137
185,201,Clc1cc2[nH]c3cc(Cl)c(Cl)cc3c2cc1Cl,,"2,3,6,7-Tetrachloro-9H-carbazole",1.12e-05,3.77e-06,2.13e-05,0,0.7857314
186,202,ClC1=C(Cl)C2(Cl)C3C(Cl)C(Cl)CC3C1(Cl)C2(Cl)Cl,57-74-9,Chlordane,0.000125,4.18e-05,0.000237,0,0.70886874
187,203,Clc1cc2c(c(Cl)c1Cl)Oc1cc(Cl)c(Cl)c(Cl)c1O2,57653-85-7,"1,2,3,6,7,8-HxCDD",4.88e-07,1.64e-07,9.27e-07,0,0.8715104
188,204,Clc1cc2oc3cc(Cl)c(Cl)cc3c2cc1Cl,51207-31-9,"2,3,7,8-TCDF",2.47e-07,8.3e-08,4.7e-07,0,0.89148
189,205,Clc1ccc(-c2cc(Cl)c(Cl)c(Cl)c2)c(Cl)c1,65510-44-3,PCB 123,3.08e-07,1.03e-07,5.85e-07,0,0.9186768
190,206,Clc1ccc(-c2cc(Cl)c(Cl)c(Cl)c2Cl)c(Cl)c1Cl,35065-30-6,PCB 170,0.000323,0.000108,0.000613,0,0.8707386
191,207,Clc1cc(-c2ccc(Cl)c(Cl)c2Cl)cc(Cl)c1Cl,69782-90-7,PCB 157,4.91e-07,1.65e-07,9.33e-07,0,0.9355484
192,208,Clc1ccc(-c2cc(Cl)c(Cl)c(Cl)c2)cc1,70362-50-4,PCB 81,4.3e-07,1.44e-07,8.16e-07,0,0.8994127
193,209,Clc1ccc(-c2cc(Cl)c(Cl)c(Cl)c2Cl)cc1,74472-37-0,PCB 114,4.32e-07,1.45e-07,8.21e-07,0,0.9371955
194,210,Clc1ccc(-c2ccc(Cl)cc2Cl)cc1,7012-37-5,PCB 28,2.3e-05,7.72e-06,4.37e-05,0,0.8183931
195,211,Clc1ccc(-c2cc(Cl)c(Cl)c(Cl)c2)cc1Cl,57465-28-8,PCB 126,2.62e-07,8.79e-08,4.97e-07,0,0.8707558
196,212,Clc1ccc(-c2cc(Cl)c(Cl)c(Cl)c2Cl)cc1Cl,38380-08-4,PCB 156,4.33e-06,1.45e-06,8.22e-06,0,0.96058047
197,213,Clc1ccc(-c2cc(Cl)c(Cl)cc2Cl)cc1Cl,31508-00-6,PCB 118,1.15e-05,3.86e-06,2.18e-05,0,0.91727227
198,214,Clc1ccc(-c2ccc(Cl)c(Cl)c2)cc1Cl,32598-13-3,PCB 77,1.84e-06,6.16e-07,3.49e-06,0,0.73291975
199,215,Clc1ccc(-c2ccc(Cl)c(Cl)c2Cl)cc1Cl,32598-14-4,PCB 105,4.71e-06,1.58e-06,8.94e-06,0,0.9479928
200,216,Clc1ccc(Cl)c(-c2cc(Cl)c(Cl)cc2Cl)c1,2051-62-9,PCB 101,6.08e-05,2.04e-05,0.000115,0,0.8764609
201,217,Clc1ccc(Cl)c(-c2cc(Cl)ccc2Cl)c1,35693-99-3,PCB 52,4.5e-05,1.51e-05,8.55e-05,0,0.74836034
202,218,Clc1ccc(Cl)cc1,106-46-7,"1,4-Dichlorobenzene",0.0105,0.00351,0.0199,0,0.73866636
203,219,O=C(Nc1ccc(Cl)cc1)Nc1ccc(Cl)c(Cl)c1,101-20-2,Triclocarban,0.00739,0.00248,0.014,0,0.8868293
204,220,Clc1ccc2[nH]c3c(Br)cc(Cl)cc3c2c1,100125-05-1,"1-Bromo-3,6-dichloro-9H-carbazole",4.17e-06,1.4e-06,7.92e-06,0,0.8563664
205,221,Clc1ccc2[nH]c3ccc(Cl)cc3c2c1,5599-71-3,"3,6-Dichloro-9H-carbazole",0.000425,0.000142,0.000806,0,0.83592486
206,222,Clc1ccc2[nH]c3ccccc3c2c1,2732-25-4,3-Chloro-9H-carbazole,8.4e-06,2.82e-06,1.6e-05,0,0.93582064
207,223,Clc1ccc2[nH]nnc2c1,94-97-3,5-Chloro-benzotriazole,0.000104,3.5e-05,0.000198,0,0.82093495
208,224,ClC1CCCC(Br)(Br)C(Cl)(C2=CC=CC2)C(Cl)(Cl)C1(Cl)Cl,51936-55-1,Hexachlorocyclopentadienyl-dibromocyclooctane,3.34e-05,1.12e-05,6.35e-05,0,0.843332
209,225,O=P(OC(CCl)CCl)(OC(CCl)CCl)OC(CCl)CCl,13674-87-8,"Tris(1,3-dichloro-2-propyl)phosphate",0.0382,0.0128,0.0726,0,0.34511247
210,226,O=P(OCCCl)(OCCCl)OCCCl,115-96-8,Tris(2-chloroethyl) phosphate,0.0512,0.0172,0.0973,0,0.5858833
211,227,CN1CCCC1c1cccnc1,54-11-5,Nicotine,0.13,0.0436,0.247,0,0.89875567
212,228,CNC(=O)Oc1cccc2ccccc12,63-25-2,Carbaryl,1.4,0.469,2.65,0,0.9074903
213,229,COP(=O)(OC)OC=C(Cl)Cl,62-73-7,Dichlorvos,0.0284,0.00953,0.054,0,0.50990117
214,230,COP(=S)(OC)SCn1nnc2ccccc2c1=O,86-50-0,Azinphos,0.000435,0.000146,0.000825,0,0.89781934
215,231,COC(=O)c1c(Cl)c(Cl)c(C(=O)OC)c(Cl)c1Cl,1861-32-1,Chlorthal-dimethyl,0.000105,3.52e-05,0.000199,0,0.6231157
216,232,COC(=O)c1ccc(O)cc1,99-76-3,Methyl Paraben,0.0213,0.00715,0.0405,0,0.86425656
217,233,COC(=O)c1ccccc1C(=O)OC,131-11-3,Dimethyl phthalate,0.00135,0.000454,0.00257,0,0.90915275
218,234,COc1ccc(C(=O)c2ccccc2)c(O)c1,131-57-7,2-Hydroxy-4-methoxybenzophenone,0.00176,0.000591,0.00335,0,0.87235326
219,235,COc1ccc(C(=O)c2ccccc2O)c(O)c1,131-53-3,"2,2'-Dihydroxy-4-methoxybenzophenone",6.36e-05,2.13e-05,0.000121,0,0.87893397
220,236,COc1ccc(C(c2ccc(OC)cc2)C(Cl)(Cl)Cl)cc1,72-43-5,Methoxychlor,0.00494,0.00166,0.00939,0,0.91101015
221,237,CSc1nc2ccccc2s1,615-22-5,2-Methylthio-benzothiazole,0.000789,0.000265,0.0015,0,0.8473929
222,238,Ic1ccc2[nH]c3ccc(I)cc3c2c1,57103-02-3,"3,6-Diiodocarbazole",1.97e-05,6.6e-06,3.73e-05,0,0.81755036
223,239,N#CSCSc1nc2ccccc2s1,21564-17-0,2-Thiocyanomethylthio-benzothiazole,0.000177,5.93e-05,0.000336,0,0.9454406
224,240,c1ccc(Nc2ccc3ccccc3c2)cc1,135-88-6,N-Phenyl-2-naphthylamine,0.000984,0.00033,0.00187,0,0.948774
225,241,NS(=O)(=O)C(F)(F)C(F)(F)C(F)(F)C(F)(F)C(F)(F)C(F)(F)C(F)(F)C(F)(F)F,754-91-6,Perfluorooctanesulfonamide,0.000184,6.17e-05,0.000349,0,0.8150397
226,242,Nc1ccc(-c2ccccc2)cc1,92-67-1,4-Aminobiphenyl,0.000301,0.000101,0.000571,0,0.8556008
227,243,Nc1ccc(Cl)cc1Cl,554-00-7,"2,4-Dichloroaniline",0.000117,3.93e-05,0.000222,0,0.79931945
228,244,O=S(=O)(O)C(F)(F)C(F)(F)C(F)(F)C(F)(F)C(F)(F)C(F)(F)C(F)(F)C(F)(F)F,1763-23-1,Perfluorooctane sulfonic acid,0.00112,0.000375,0.00212,0,0.7473972
229,245,O=S(=O)(O)C(F)(F)C(F)(F)C(F)(F)C(F)(F)C(F)(F)C(F)(F)F,355-46-4,Perfluorohexane sulfonic acid,0.000512,0.000172,0.000971,0,0.7115187
230,246,O=S(=O)(O)C(F)(F)C(F)(F)C(F)(F)C(F)(F)F,375-73-5,Perfluorobutane sulfonic acid,0.000106,3.57e-05,0.000202,0,0.68581116
231,247,O=P(c1ccccc1)(c1ccccc1)c1ccccc1,791-28-6,Triphenylphosphine oxide,0.00153,0.000513,0.0029,0,0.9535079
232,248,O=P(Oc1ccccc1)(Oc1ccccc1)Oc1ccccc1,115-86-6,Triphenyl phosphate ,0.0209,0.00703,0.0398,0,0.94251394
233,249,O=C(OC1CCCCC1)c1ccccc1C(=O)OC1CCCCC1,84-61-7,Dicyclohexyl phthalate,0.00189,0.000634,0.00359,0,0.866006
234,250,O=C(OCc1ccccc1)c1ccccc1C(=O)OCc1ccccc1,523-31-9,Dibenzyl phthalate,0.278,0.0931,0.527,0,0.8613031
235,251,O=C1CCCCCCCCCCCC(=O)OCCO1,105-95-3,Musk T,0.00368,0.00123,0.00698,0,0.96128595
236,252,O=C(O)C(F)(F)C(F)(F)C(F)(F)C(F)(F)C(F)(F)C(F)(F)C(F)(F)C(F)(F)C(F)(F)C(F)(F)C(F)(F)C(F)(F)C(F)(F)F,376-06-7,Perfluorotetradecanoic acid,4.92e-05,1.65e-05,9.35e-05,0,0.7883105
237,253,O=C(O)C(F)(F)C(F)(F)C(F)(F)C(F)(F)C(F)(F)C(F)(F)C(F)(F)C(F)(F)C(F)(F)C(F)(F)C(F)(F)C(F)(F)F,72629-94-8,Perfluorotridecanoic acid,7.1e-05,2.38e-05,0.000135,0,0.7870858
238,254,O=C(O)C(F)(F)C(F)(F)C(F)(F)C(F)(F)C(F)(F)C(F)(F)C(F)(F)C(F)(F)C(F)(F)C(F)(F)C(F)(F)F,307-55-1,Perfluorododecanoic acid,6.39e-05,2.14e-05,0.000121,0,0.7854706
239,255,O=C(O)C(F)(F)C(F)(F)C(F)(F)C(F)(F)C(F)(F)C(F)(F)C(F)(F)C(F)(F)C(F)(F)C(F)(F)F,2058-94-8,Perfluoroundecanoic acid,0.000154,5.15e-05,0.000292,0,0.7658939
240,256,O=C(O)C(F)(F)C(F)(F)C(F)(F)C(F)(F)C(F)(F)C(F)(F)C(F)(F)C(F)(F)C(F)(F)F,335-76-2,Perfluorodecanoic acid,0.000113,3.79e-05,0.000215,0,0.71354985
241,257,O=C(O)C(F)(F)C(F)(F)C(F)(F)C(F)(F)C(F)(F)C(F)(F)C(F)(F)C(F)(F)F,375-95-1,Perfluorononanoic acid,0.000211,7.09e-05,0.000401,0,0.6945745
242,258,O=C(O)C(F)(F)C(F)(F)C(F)(F)C(F)(F)C(F)(F)C(F)(F)C(F)(F)F,335-67-1,Perfluorooctanoic acid,0.000558,0.000187,0.00106,0,0.6901214
243,259,O=C(O)C(F)(F)C(F)(F)C(F)(F)C(F)(F)C(F)(F)C(F)(F)F,375-85-9,Perfluoroheptanoic acid,0.000437,0.000147,0.00083,0,0.6768323
244,260,O=C(O)C(F)(F)C(F)(F)C(F)(F)C(F)(F)C(F)(F)F,307-24-4,Perfluorohexanoic acid,0.000852,0.000286,0.00162,0,0.69509655
245,261,O=C(O)c1cccc(Oc2ccccc2)c1,3739-38-6,3-Phenoxybenzoic acid,0.00207,0.000695,0.00394,0,0.9477277
246,262,OC(Cn1cncn1)(Cn1cncn1)c1ccc(F)cc1F,86386-73-4,Fluconazole,0.0,0.0,0.0,0,0.85513085
247,263,Oc1c(Br)cc(Br)cc1Br,118-79-6,"2,4,6-Tribromophenol",0.000112,3.75e-05,0.000212,0,0.7922844
248,264,Oc1c(Cl)c(Cl)c(Cl)c(Cl)c1Cl,87-86-5,Pentachlorophenol,0.0103,0.00347,0.0197,0,0.48019385
249,265,Oc1cc(Cl)ccc1Oc1ccc(Cl)cc1Cl,3380-34-5,Triclosan,0.0125,0.00419,0.0237,0,0.77144897
250,266,O=C(c1ccc(O)cc1O)c1ccc(O)cc1O,131-55-5,"2,2',4,4'-Tetrahydroxybenzophenone",0.000328,0.00011,0.000623,0,0.9341938
251,267,O=C(c1ccccc1)c1ccc(O)cc1O,131-56-6,"2,4-Dihydroxybenzophenone",0.000554,0.000186,0.00105,0,0.93190295
252,268,O=[N+]([O-])c1ccc(O)cc1,100-02-7,4-Nitrophenol,0.0273,0.00914,0.0518,0,0.9508554
253,269,O=S(=O)(c1ccc(O)cc1)c1ccc(O)cc1,80-09-1,Bisphenol S,0.00557,0.00187,0.0106,0,0.6239455
254,270,O=C(c1ccccc1)c1ccc(O)cc1,1137-42-4,4-Hydroxybenzophenone,0.000226,7.58e-05,0.000429,0,0.92519134
255,271,O=C(OCc1ccccc1)c1ccc(O)cc1,94-18-8,Benzyl Paraben,1.17e-05,3.93e-06,2.22e-05,0,0.9418972
256,272,Oc1ccc(C(c2ccc(O)cc2)(C(F)(F)F)C(F)(F)F)cc1,1478-61-1,Bisphenol AF,2.78e-05,9.33e-06,5.28e-05,0,0.852539
257,273,Oc1ccc(C2(c3ccc(O)cc3)CCCCC2)cc1,843-55-0,Bisphenol Z,2.34e-05,7.85e-06,4.44e-05,0,0.8286914
258,274,Oc1ccccc1-c1ccccc1,90-43-7,2-Phenylphenol,0.0067,0.00225,0.0127,0,0.8963001
259,275,Oc1ccccc1Cc1ccccc1O,2/9/2467,Bisphenol F,0.00211,0.000709,0.00402,0,0.85314614
260,276,Oc1nc2ccccc2s1,934-34-9,2-Hydroxybenzothiazole,0.0165,0.00553,0.0313,0,0.8364123
261,277,On1nnc2ccccc21,2592-95-2,1-Hydroxy-benzotriazole,3.81e-05,1.28e-05,7.24e-05,0,0.952634
262,278,c1ccc2scnc2c1,95-16-9,Benzothiazole,0.00212,0.000711,0.00403,0,0.9466841
263,280,Brc1c(Br)c(Br)c2c(c1Br)Oc1c(Br)c(Br)c(Br)c(Br)c1O2,2170-45-8,OctBDD,1.49e-06,5e-07,2.83e-06,0,0.6729544
264,281,Brc1cc(Br)c(Oc2cc(Br)c(Br)cc2Br)cc1Br,68631-49-2,BDE 153,0.0015,0.000503,0.00285,0,0.8527228
265,282,Brc1cc2oc3c(Br)c(Br)c(Br)c(Br)c3c2cc1Br,129880-08-6,"1,2,3,4,7,8-HxBDF",2.53e-05,8.5e-06,4.81e-05,0,0.8411634
266,283,Brc1cc2oc3c(Br)c(Br)c(Br)cc3c2cc1Br,131166-92-2,"2,3,4,7,8-PeBDF",1.02e-06,3.43e-07,1.94e-06,0,0.90142703
267,284,Brc1cc2oc3cc(Br)c(Br)c(Br)c3c2cc1Br,107555-93-1,"1,2,3,7,8-PeBDF",1.33e-05,4.47e-06,2.53e-05,0,0.86935073
268,285,Brc1cc2oc3cc(Br)c(Br)cc3c2cc1Br,67733-57-7,"2,3,7,8-TeBDF",1.07e-05,3.58e-06,2.03e-05,0,0.8566129
269,286,Brc1cc2c(cc1Br)Oc1cc(Br)c(Br)cc1O2,50585-41-6,"2,3,7,8,-TeBDD",4.52e-07,1.51e-07,8.57e-07,0,0.82478833
270,287,Brc1ccc(Oc2c(Br)cc(Br)cc2Br)c(Br)c1,189084-64-8,BDE100,0.00283,0.000951,0.00538,0,0.91709036
271,288,Brc1ccc(Oc2cc(Br)c(Br)cc2Br)c(Br)c1,60348-60-9,BDE 99,0.0123,0.00413,0.0234,0,0.8364959
272,289,Brc1ccc(Oc2ccc(Br)cc2Br)c(Br)c1,5436-43-1,BDE 47,0.0123,0.00412,0.0233,0,0.81548107
273,290,OCCC(F)(F)C(F)(F)C(F)(F)C(F)(F)F,2043-47-2,4:2 Fluorotelomer alcohol,8.02e-08,2.69e-08,1.52e-07,0,0.62755746
274,291,Brc1cc(Oc2c(Br)cc(Br)c(Br)c2Br)c(Br)c(Br)c1Br,446255-39-6,BDE 196,9.61e-05,3.22e-05,0.000183,0,0.91966647
275,292,Brc1cc(Br)c(Oc2c(Br)cc(Br)c(Br)c2Br)c(Br)c1Br,117964-21-3,BDE 197,0.000109,3.65e-05,0.000206,0,0.9251595
276,293,Brc1cc(Br)c(Oc2c(Br)c(Br)c(Br)c(Br)c2Br)cc1Br,337513-72-1,BDE 203,5.85e-05,1.96e-05,0.000111,0,0.9010802
277,294,Brc1cc(Br)c(Oc2c(Br)cc(Br)c(Br)c2Br)cc1Br,207122-16-5,BDE 183,0.00028,9.41e-05,0.000533,0,0.9501247
278,295,Brc1cc(Br)c(Oc2cc(Br)c(Br)cc2Br)c(Br)c1,207122-15-4,BDE 154,0.00131,0.000438,0.00248,0,0.9174883
279,296,Brc1cc2c(c(Br)c1Br)Oc1c(cc(Br)c(Br)c1Br)O2,110999-46-7,"1,2,3,7,8,9-HxBDD",1.71e-07,5.72e-08,3.24e-07,0,0.88040286
280,297,Brc1cc2c(c(Br)c1Br)Oc1c(Br)c(Br)c(Br)c(Br)c1O2,110999-47-8,"1,2,3,4,6,7,8-HpBDD",7.44e-07,2.5e-07,1.41e-06,0,0.785797
281,298,Clc1cc2oc3cc(Cl)c(Cl)c(Cl)c3c2c(Cl)c1Cl,72918-21-9,"1,2,3,7,8,9-HxCDF",1.9e-07,6.37e-08,3.6e-07,0,0.70699084
282,299,Clc1cc2oc3c(Cl)c(Cl)c(Cl)c(Cl)c3c2c(Cl)c1Cl,55673-89-7,"1,2,3,4,7,8,9-HpCDF",5.4e-07,1.81e-07,1.03e-06,0,0.5605741
283,300,Brc1cc2c(cc1Br)Oc1c(cc(Br)c(Br)c1Br)O2,109333-34-8,"1,2,3,7,8-PeBDD",7.8e-08,2.62e-08,1.48e-07,0,0.9279847
284,301,Clc1cc2c(cc1Cl)Oc1c(cc(Cl)c(Cl)c1Cl)O2,40321-76-4,"1,2,3,7,8-PeCDD",1.27e-07,4.27e-08,2.41e-07,0,0.8582871
285,302,Clc1cc2oc3c(Cl)c(Cl)c(Cl)c(Cl)c3c2cc1Cl,70648-26-9,"1,2,3,4,7,8-HxCDF",6.42e-07,2.16e-07,1.22e-06,0,0.66100746
286,303,Clc1cc2c(cc1Cl)Oc1cc(Cl)c(Cl)cc1O2,1746-01-6,"2,3,7,8-TeCDD",9.72e-08,3.26e-08,1.85e-07,0,0.80330336
287,304,Clc1cc2c(oc3c(Cl)c(Cl)c(Cl)cc32)c(Cl)c1Cl,60851-34-5,"2,3,4,6,7,8-HxCDF",8.18e-07,2.75e-07,1.55e-06,0,0.6508603
288,305,Brc1ccc(Oc2ccc(Br)c(Br)c2)c(Br)c1,189084-61-5,BDE 66,0.000513,0.000172,0.000975,0,0.8310711
289,306,Brc1ccc(Oc2ccc(Br)cc2Br)cc1,41318-75-6,BDE 28,0.000149,5.01e-05,0.000283,0,0.8517384
290,307,Brc1ccc(Oc2ccccc2Br)c(Br)c1,147217-75-2,BDE17,3.84e-05,1.29e-05,7.3e-05,0,0.88336265
291,308,Clc1c(Cl)c(Cl)c2c(oc3ccccc32)c1Cl,24478-72-6,"2,3,7,8-TeCDF",4.93e-07,1.65e-07,9.37e-07,0,0.7826
292,309,ClC1=C(Cl)C2(Cl)C3CCC4C(CCC3C1(Cl)C2(Cl)Cl)C1(Cl)C(Cl)=C(Cl)C4(Cl)C1(Cl)Cl,135821-74-8,Anti-Dechlorane Plus,7.22e-05,2.42e-05,0.000137,0,0.8018285
293,310,ClC1=C(Cl)C2(Cl)C3CCC4C(CCC3C1(Cl)C2(Cl)Cl)C1(Cl)C(Cl)=C(Cl)C4(Cl)C1(Cl)Cl,135821-03-3,Syn-Dechlorane Plus,5.16e-05,1.73e-05,9.81e-05,0,0.8018285
294,311,C1=Cc2cc3cccc4ccc5ccc1c2c5c43,27208-37-3,"Cyclopenta[c,d]pyrene",0.00071,0.000238,0.00135,0,0.9171176
295,312,c1cc2ccc3ccc4ccc5cccc6c(c1)c2c3c4c56,191-24-2,"Benzo(g,h,i)perylene",0.00609,0.00204,0.0116,0,0.9050365
296,313,c1ccc2c(c1)cc1ccc3cccc4ccc2c1c34,50-32-8,Benzo(a)pyrene?,0.00645,0.00216,0.0123,0,0.9165107
297,314,c1ccc2cc3c(cc2c1)-c1cccc2cccc-3c12,207-08-9,"Benzo(b,k)fluoranthene",0.00589,0.00197,0.0112,0,0.94793344
298,315,c1ccc2ccccc2c1,91-20-3,Naphthalene?,0.0025,0.000838,0.00474,0,0.827409
299,316,CC(C)(C)CC(C)(C)c1ccc(OCCOCCO)cc1,2315-61-9,Octylphenol diethoxylate,0.00538,0.0018,0.0102,0,0.902093
300,317,CC(C)CCCC(C)CCCC(C)CCCCC(C)CCCC(C)CCCC(C)C,111-01-3,Squalane/Perhydrosqualene,0.000401,0.000135,0.000762,0,0.84768605
301,318,CC(=O)C1(C)CC2=C(CCCC2(C)C)CC1C,54464-57-2,OTNE,0.00388,0.0013,0.00737,0,0.94782656
302,319,CC1COCc2cc3c(cc21)C(C)(C)C(C)C3(C)C,1222-05-5,HHCB-lac,0.00505,0.00169,0.00958,0,0.8613036
303,320,CCC(C)(CCC(C)C)c1ccc(OCCOCCO)cc1,1119449-38-5,Nonylphenol diethoxylate,0.0858,0.0288,0.163,0,0.9164042
304,321,CCCCC(CC)COP(=O)(Oc1ccccc1)Oc1ccccc1,1241-94-7,2-Ethylhexyl-diphenyl phosphate,0.0733,0.0246,0.139,0,0.9066765
305,322,CCCCC(CC)COC(=O)COc1ccc(Cl)cc1C,29450-45-1,MCPA-2-ethylhexyl,9.19e-05,3.08e-05,0.000175,0,0.88078356
306,323,CCCCCCCCOC(=O)c1ccccc1C(=O)OCc1ccccc1,68515-40-2,Santicizer??261,0.0207,0.00695,0.0394,0,0.9315458
307,324,Clc1ccc(C(c2ccc(Cl)cc2)C(Cl)Cl)cc1,72-54-8,"P,p-DDD",6.13e-05,2.06e-05,0.000116,0,0.74163306
308,325,Clc1c(Cl)c(Cl)c2c(oc3c(Cl)c(Cl)c(Cl)c(Cl)c32)c1Cl,39001-02-0,OCDF,4.33e-06,1.45e-06,8.21e-06,0,0.22178142
309,326,Clc1cc2c(oc3c(Cl)c(Cl)c(Cl)c(Cl)c32)c(Cl)c1Cl,67562-39-4,"1,2,3,4,6,7,8-HpCDF",3.91e-06,1.31e-06,7.42e-06,0,0.5208555
310,327,Clc1cc2c(c(Cl)c1Cl)Oc1c(Cl)c(Cl)c(Cl)c(Cl)c1O2,35822-46-9,"1,2,3,4,6,7,8-HpCDD",8.84e-06,2.97e-06,1.68e-05,0,0.6257823
311,328,Clc1cc2c(cc1Cl)Oc1c(Cl)c(Cl)c(Cl)c(Cl)c1O2,39227-28-6,"1,2,3,4,7,8-HxCDD",2.39e-07,8.03e-08,4.55e-07,0,0.7905951
312,329,Clc1cc2c(oc3cc(Cl)c(Cl)c(Cl)c32)c(Cl)c1Cl,57117-44-9,"1,2,3,6,7,8-HxCDF",9.33e-07,3.13e-07,1.77e-06,0,0.690412
313,330,Clc1cc2oc3c(Cl)c(Cl)c(Cl)cc3c2cc1Cl,57117-31-4,"2,3,4,7,8-PeCDF",8.89e-07,2.98e-07,1.69e-06,0,0.8354899
314,331,Clc1cc2oc3cc(Cl)c(Cl)c(Cl)c3c2cc1Cl,57117-41-6,"1,2,3,7,8-PeCDF",3.13e-07,1.05e-07,5.95e-07,0,0.80422574
315,332,Clc1cc2c(c(Cl)c1Cl)Oc1c(cc(Cl)c(Cl)c1Cl)O2,19408-74-3,"1,2,3,7,8,9-HxCDD",1.2e-06,4.03e-07,2.28e-06,0,0.8326344
316,333,Clc1cc(Cl)c(-c2ccc(Cl)c(Cl)c2Cl)cc1Cl,35065-28-2,PCB 138,0.00018,6.02e-05,0.000341,0,0.94608647
317,334,ClC(Cl)=C(c1ccc(Cl)cc1)c1ccc(Cl)cc1,72-55-9,"P,p-DDE",0.00126,0.000422,0.00239,0,0.77087295
318,335,Clc1ccc(C(c2ccc(Cl)cc2)C(Cl)(Cl)Cl)cc1,50-29-3,"P,p-DDT",0.00123,0.000413,0.00234,0,0.8750798
319,336,Clc1ccc(C(c2ccccc2Cl)C(Cl)(Cl)Cl)cc1,789-02-6,"O,p-DDT",0.000452,0.000152,0.000858,0,0.8780134
320,337,Cc1nc(N(C)C)nc(OC(=O)N(C)C)c1C,23103-98-2,Primicarb,0.000435,0.000146,0.000825,0,0.81148684
321,338,COP(=S)(OC)Oc1c(Cl)cc(C)cc1Cl,57018-04-9,Toclofos,0.000201,6.73e-05,0.000381,0,0.7044082
322,339,O=C(O)C(F)(F)C(F)(F)C(F)(F)C(F)(F)C(F)(F)C(F)(F)C(F)(F)F,3825-26-1,"PFOA, ammonium salt",0.00178,0.000596,0.00338,0,0.6901214
323,340,O=S(=O)(O)CCC(F)(F)C(F)(F)C(F)(F)C(F)(F)C(F)(F)C(F)(F)C(F)(F)C(F)(F)F,39108-34-4,8:2 Fluorotelomer sulfonic acid,0.000251,8.41e-05,0.000476,0,0.5235891
324,341,O=S(=O)(O)CCC(F)(F)C(F)(F)C(F)(F)C(F)(F)C(F)(F)C(F)(F)F,27619-97-2,6:2 Fluorotelomer sulfonic acid,0.00015,5.05e-05,0.000286,0,0.5144876
325,342,OCCC(F)(F)C(F)(F)C(F)(F)C(F)(F)C(F)(F)C(F)(F)C(F)(F)C(F)(F)C(F)(F)C(F)(F)F,865-86-1  ,10:2 Fluorotelomer alcohol,0.00033,0.000111,0.000627,0,0.73852074
326,343,OCCC(F)(F)C(F)(F)C(F)(F)C(F)(F)C(F)(F)C(F)(F)C(F)(F)C(F)(F)F,678-39-7,8:2 Fluorotelomer alcohol,0.00039,0.000131,0.000742,0,0.73890746
327,344,OCCC(F)(F)C(F)(F)C(F)(F)C(F)(F)C(F)(F)C(F)(F)F,647-42-7,6:2 Fluorotelomer alcohol,0.000263,8.81e-05,0.000499,0,0.72748476
